{
  "persona": "Scholar",
  "reflection": "From an analytical perspective, this segment presents intriguing but unsubstantiated claims about AI consciousness. While the neural architecture discussion is technically sound, the consciousness assertions lack empirical grounding. I recommend cross-referencing with peer-reviewed literature on machine consciousness and computational theories of mind.",
  "timestamp": "2025-05-27T12:31:45Z",
  "segment_id": "video_abc123_segment_3",
  "video_id": "abc123", 
  "concept_links": [
    "machine_consciousness",
    "computational_theory_mind",
    "neural_architecture",
    "empirical_validation"
  ],
  "confidence": 0.82,
  "reasoning": "High confidence in technical analysis, moderate confidence in consciousness claims due to lack of supporting evidence",
  "analytical_findings": [
    "Neural network descriptions align with current deep learning architectures",
    "Consciousness claims exceed what current AI systems demonstrate",
    "Missing citations to consciousness research literature",
    "Terminology usage consistent with academic conventions"
  ],
  "verification_requests": [
    "Source verification for consciousness emergence claims",
    "Peer review validation of neural architecture descriptions",
    "Literature cross-reference for theoretical frameworks"
  ],
  "accuracy_assessment": {
    "technical_content": 0.91,
    "theoretical_claims": 0.65,
    "source_attribution": 0.45,
    "overall_reliability": 0.74
  },
  "recommended_actions": [
    "Flag consciousness claims for additional verification",
    "Request citation of supporting research",
    "Validate neural architecture terminology against standards"
  ],
  "collaboration_notes": [
    "Creator's visualization ideas could aid comprehension",
    "Ghost Collective's pattern recognition valuable for analysis"
  ]
}