{
  "metadata": {
    "export_time": "2025-06-06T12:15:14.273516",
    "monitoring_version": "3.0"
  },
  "health_metrics": [],
  "performance_alerts": [],
  "health_score": {
    "overall_health": 0.8
  },
  "monitoring_status": {
    "monitoring_info": {
      "status": "active",
      "metrics_collected": 0,
      "alerts_generated": 0,
      "monitoring_uptime": "active"
    },
    "health_score": {
      "overall_health": 0.8
    },
    "current_metrics": {},
    "thresholds": {
      "cpu_usage": {
        "warning": 80.0,
        "critical": 95.0
      },
      "memory_usage": {
        "warning": 85.0,
        "critical": 95.0
      },
      "disk_usage": {
        "warning": 90.0,
        "critical": 98.0
      },
      "response_time_avg": {
        "warning": 2.0,
        "critical": 5.0
      },
      "error_rate": {
        "warning": 0.05,
        "critical": 0.15
      }
    }
  },
  "error_counts": {}
}