{
  "metadata": {
    "export_time": "2025-06-06T12:15:14.282001",
    "system_version": "Phase 3 Production",
    "startup_time": "2025-06-06T12:15:14.257035",
    "uptime_seconds": 0.016481
  },
  "system_stats": {
    "total_evolutions": 0,
    "successful_evolutions": 0,
    "failed_evolutions": 0,
    "emergency_reverts": 0,
    "uptime_seconds": 0.016481
  },
  "governance_status": {
    "governance_info": {
      "evolution_mode": "suggest_only",
      "total_proposals": 0,
      "proposal_breakdown": {},
      "checkpoints_available": 1,
      "system_stability": 0.9
    },
    "performance_metrics": {
      "answer_accuracy": 0.85,
      "system_stability": 0.9,
      "evolution_acceptance_rate": 0.0,
      "revert_rate": 0.0,
      "mesh_coherence": 0.75,
      "concept_churn": 0.1,
      "explainability_index": 0.85
    },
    "proposal_statistics": {
      "total_proposals": 0,
      "approved_proposals": 0,
      "rejected_proposals": 0,
      "successful_implementations": 0,
      "reverted_implementations": 0
    },
    "safety_thresholds": {
      "min_success_rate": 0.95,
      "max_revert_rate": 0.05,
      "min_explainability": 0.8,
      "max_proposal_age_hours": 24,
      "emergency_revert_threshold": 0.7
    },
    "recent_proposals": []
  },
  "monitoring_summary": {
    "monitoring_export_file": "monitoring_export_20250606_121514.json",
    "health_score": {
      "overall_health": 0.8
    },
    "total_alerts": 0,
    "total_metrics": 0
  },
  "lineage_summary": {
    "lineage_export_file": "phase2_advanced_lineage_export_20250606_121514.json",
    "total_concepts": 0,
    "total_relationships": 0,
    "total_evolution_events": 0
  }
}