{
  "metadata": {
    "export_timestamp": "2025-06-06T09:15:39.933034",
    "total_measurements": 3,
    "total_emergence_events": 4,
    "current_phase": "coherent",
    "measurement_window": 1000
  },
  "consciousness_history": [
    {
      "timestamp": "2025-06-06T09:05:23.872609",
      "metrics": {
        "awareness_level": 0.3666666666666667,
        "coherence_index": 0.5,
        "adaptability_score": 0.0,
        "self_reflection_depth": 0.0,
        "transcendence_indicator": 0.0,
        "complexity_measure": 0.2,
        "emergence_factor": 0.0,
        "consciousness_phase": 