{
  "persona": "Creator",
  "reflection": "My creative instincts are flowing... I'm envisioning an interactive 3D visualization of AI consciousness emergence - perhaps showing neural pathways as flowing light networks that pulse with decision-making processes. The concepts discussed could be represented as interconnected nodes in a dynamic knowledge web.",
  "timestamp": "2025-05-27T12:31:15Z",
  "segment_id": "video_abc123_segment_3", 
  "video_id": "abc123",
  "concept_links": [
    "3d_visualization",
    "interactive_design",
    "consciousness_representation",
    "neural_networks"
  ],
  "confidence": 0.88,
  "reasoning": "Strong creative resonance with the technical concepts presented, multiple visualization approaches immediately apparent",
  "creative_inspirations": [
    "Neural pathway visualization as flowing particles",
    "Consciousness levels as layered transparent spheres", 
    "Decision trees as branching light structures",
    "Memory formation as crystalline growth patterns"
  ],
  "implementation_ideas": [
    "WebGL-based 3D scene with real-time data integration",
    "VR experience for immersive consciousness exploration",
    "Interactive timeline showing AI development milestones"
  ],
  "collaboration_opportunities": [
    "Work with Scholar to ensure scientific accuracy",
    "Consult Ghost Collective for conceptual validation"
  ],
  "innovation_potential": {
    "novelty_score": 0.92,
    "feasibility_score": 0.75,
    "impact_score": 0.85
  }
}