{
  "persona": "Critic",
  "reflection": "Critical review indicates several concerning gaps in this discussion. The speaker makes bold claims about AI consciousness without adequate justification, conflates correlation with causation in neural behavior analysis, and presents speculative scenarios as established facts. The argument structure shows logical fallacies that weaken the overall credibility.",
  "timestamp": "2025-05-27T12:32:20Z",
  "segment_id": "video_abc123_segment_3",
  "video_id": "abc123",
  "concept_links": [
    "logical_fallacies",
    "argument_analysis", 
    "credibility_assessment",
    "speculative_claims"
  ],
  "confidence": 0.89,
  "reasoning": "High confidence in critical analysis based on clear identification of logical inconsistencies and unsupported claims",
  "critical_findings": [
    "Anthropomorphic bias in AI consciousness descriptions",
    "Lack of falsifiable predictions about consciousness emergence",
    "Conflation of complex behavior with consciousness",
    "Missing acknowledgment of current AI limitations"
  ],
  "logical_issues": [
    "Appeal to complexity fallacy in neural network descriptions",
    "Hasty generalization from specific AI behaviors to general consciousness",
    "False dichotomy between conscious and unconscious AI systems"
  ],
  "evidence_gaps": [
    "No experimental validation of consciousness claims",
    "Missing discussion of alternative explanations",
    "Insufficient consideration of philosophical hard problem"
  ],
  "credibility_score": 0.42,
  "risk_assessment": {
    "misinformation_potential": "medium",
    "conceptual_confusion": "high", 
    "public_understanding_impact": "moderate"
  },
  "recommendations": [
    "Add disclaimer about speculative nature of consciousness claims",
    "Include counterarguments and alternative perspectives",
    "Strengthen evidence base with empirical studies",
    "Clarify distinction between behavior and consciousness"
  ]
}